DriverID,LapNumber,LapTime,TireType,TireWear,TotalPitStops,StrategyType
1,1,85.0045,Soft,0.03,0,2-stop
1,2,85.009,Soft,0.06,0,2-stop
1,3,85.0135,Soft,0.09,0,2-stop
1,4,85.018,Soft,0.12,0,2-stop
1,5,85.0225,Soft,0.15,0,2-stop
1,6,85.027,Soft,0.18,0,2-stop
1,7,85.0315,Soft,0.21,0,2-stop
1,8,85.036,Soft,0.24,0,2-stop
1,9,85.0405,Soft,0.27,0,2-stop
1,10,85.045,Soft,0.30000000000000004,0,2-stop
1,11,85.0495,Soft,0.33000000000000007,0,2-stop
1,12,85.054,Soft,0.3600000000000001,0,2-stop
1,13,85.0585,Soft,0.3900000000000001,0,2-stop
1,14,85.063,Soft,0.42000000000000015,0,2-stop
1,15,85.0675,Soft,0.4500000000000002,0,2-stop
1,16,85.072,Soft,0.4800000000000002,0,2-stop
1,17,85.0765,Soft,0.5100000000000002,0,2-stop
1,18,85.081,Soft,0.5400000000000003,0,2-stop
1,19,85.0855,Soft,0.5700000000000003,0,2-stop
1,20,85.09,Soft,0.6000000000000003,0,2-stop
1,21,85.0945,Soft,0.6300000000000003,0,2-stop
1,22,108.099,Medium,0.0,1,2-stop
1,23,87.003,Medium,0.02,1,2-stop
1,24,87.006,Medium,0.04,1,2-stop
1,25,87.009,Medium,0.06,1,2-stop
1,26,87.012,Medium,0.08,1,2-stop
1,27,87.015,Medium,0.1,1,2-stop
1,28,87.018,Medium,0.12000000000000001,1,2-stop
1,29,87.021,Medium,0.14,1,2-stop
1,30,87.024,Medium,0.16,1,2-stop
1,31,87.027,Medium,0.18,1,2-stop
1,32,87.03,Medium,0.19999999999999998,1,2-stop
1,33,87.033,Medium,0.21999999999999997,1,2-stop
1,34,87.036,Medium,0.23999999999999996,1,2-stop
1,35,110.039,Medium,0.0,2,2-stop
1,36,87.003,Medium,0.02,2,2-stop
1,37,87.006,Medium,0.04,2,2-stop
1,38,87.009,Medium,0.06,2,2-stop
1,39,87.012,Medium,0.08,2,2-stop
1,40,87.015,Medium,0.1,2,2-stop
1,41,87.018,Medium,0.12000000000000001,2,2-stop
1,42,87.021,Medium,0.14,2,2-stop
1,43,87.024,Medium,0.16,2,2-stop
1,44,87.027,Medium,0.18,2,2-stop
1,45,87.03,Medium,0.19999999999999998,2,2-stop
1,46,87.033,Medium,0.21999999999999997,2,2-stop
1,47,87.036,Medium,0.23999999999999996,2,2-stop
1,48,87.039,Medium,0.25999999999999995,2,2-stop
1,49,87.042,Medium,0.27999999999999997,2,2-stop
1,50,87.045,Medium,0.3,2,2-stop
1,51,87.048,Medium,0.32,2,2-stop
1,52,87.051,Medium,0.34,2,2-stop
1,53,87.054,Medium,0.36000000000000004,2,2-stop
1,54,87.057,Medium,0.38000000000000006,2,2-stop
1,55,87.06,Medium,0.4000000000000001,2,2-stop
1,56,87.063,Medium,0.4200000000000001,2,2-stop
1,57,87.066,Medium,0.4400000000000001,2,2-stop
1,58,87.069,Medium,0.46000000000000013,2,2-stop
1,59,87.072,Medium,0.48000000000000015,2,2-stop
1,60,87.075,Medium,0.5000000000000001,2,2-stop
1,61,87.078,Medium,0.5200000000000001,2,2-stop
1,62,87.081,Medium,0.5400000000000001,2,2-stop
1,63,87.084,Medium,0.5600000000000002,2,2-stop
1,64,87.087,Medium,0.5800000000000002,2,2-stop
1,65,87.09,Medium,0.6000000000000002,2,2-stop
1,66,87.093,Medium,0.6200000000000002,2,2-stop
1,67,87.096,Medium,0.6400000000000002,2,2-stop
1,68,87.099,Medium,0.6600000000000003,2,2-stop
1,69,87.102,Medium,0.6800000000000003,2,2-stop
1,70,87.105,Medium,0.7000000000000003,2,2-stop
2,1,85.0045,Soft,0.03,0,2-stop
2,2,85.009,Soft,0.06,0,2-stop
2,3,85.0135,Soft,0.09,0,2-stop
2,4,85.018,Soft,0.12,0,2-stop
2,5,85.0225,Soft,0.15,0,2-stop
2,6,85.027,Soft,0.18,0,2-stop
2,7,85.0315,Soft,0.21,0,2-stop
2,8,85.036,Soft,0.24,0,2-stop
2,9,85.0405,Soft,0.27,0,2-stop
2,10,85.045,Soft,0.30000000000000004,0,2-stop
2,11,85.0495,Soft,0.33000000000000007,0,2-stop
2,12,85.054,Soft,0.3600000000000001,0,2-stop
2,13,85.0585,Soft,0.3900000000000001,0,2-stop
2,14,85.063,Soft,0.42000000000000015,0,2-stop
2,15,85.0675,Soft,0.4500000000000002,0,2-stop
2,16,85.072,Soft,0.4800000000000002,0,2-stop
2,17,85.0765,Soft,0.5100000000000002,0,2-stop
2,18,85.081,Soft,0.5400000000000003,0,2-stop
2,19,85.0855,Soft,0.5700000000000003,0,2-stop
2,20,85.09,Soft,0.6000000000000003,0,2-stop
2,21,85.0945,Soft,0.6300000000000003,0,2-stop
2,22,85.099,Soft,0.6600000000000004,0,2-stop
2,23,85.1035,Soft,0.6900000000000004,0,2-stop
2,24,85.108,Soft,0.7200000000000004,0,2-stop
2,25,85.1125,Soft,0.7500000000000004,0,2-stop
2,26,85.117,Soft,0.7800000000000005,0,2-stop
2,27,85.1215,Soft,0.8100000000000005,0,2-stop
2,28,85.126,Soft,0.8400000000000005,0,2-stop
2,29,85.1305,Soft,0.8700000000000006,0,2-stop
2,30,85.135,Soft,0.9000000000000006,0,2-stop
2,31,85.1395,Soft,0.9300000000000006,0,2-stop
2,32,85.144,Soft,0.9600000000000006,0,2-stop
2,33,85.1485,Soft,0.9900000000000007,0,2-stop
2,34,85.153,Soft,1.0200000000000007,0,2-stop
2,35,85.1575,Soft,1.0500000000000007,0,2-stop
2,36,85.162,Soft,1.0800000000000007,0,2-stop
2,37,85.1665,Soft,1.1100000000000008,0,2-stop
2,38,85.171,Soft,1.1400000000000008,0,2-stop
2,39,85.1755,Soft,1.1700000000000008,0,2-stop
2,40,85.18,Soft,1.2000000000000008,0,2-stop
2,41,85.1845,Soft,1.2300000000000009,0,2-stop
2,42,85.18900000000001,Soft,1.260000000000001,0,2-stop
2,43,85.1935,Soft,1.290000000000001,0,2-stop
2,44,85.198,Soft,1.320000000000001,0,2-stop
2,45,85.2025,Soft,1.350000000000001,0,2-stop
2,46,85.207,Soft,1.380000000000001,0,2-stop
2,47,85.2115,Soft,1.410000000000001,0,2-stop
2,48,85.216,Soft,1.440000000000001,0,2-stop
2,49,85.2205,Soft,1.470000000000001,0,2-stop
2,50,108.225,Soft,0.0,1,2-stop
2,51,85.0045,Soft,0.03,1,2-stop
2,52,85.009,Soft,0.06,1,2-stop
2,53,85.0135,Soft,0.09,1,2-stop
2,54,108.018,Soft,0.0,2,2-stop
2,55,85.0045,Soft,0.03,2,2-stop
2,56,85.009,Soft,0.06,2,2-stop
2,57,85.0135,Soft,0.09,2,2-stop
2,58,85.018,Soft,0.12,2,2-stop
2,59,85.0225,Soft,0.15,2,2-stop
2,60,85.027,Soft,0.18,2,2-stop
2,61,85.0315,Soft,0.21,2,2-stop
2,62,85.036,Soft,0.24,2,2-stop
2,63,85.0405,Soft,0.27,2,2-stop
2,64,85.045,Soft,0.30000000000000004,2,2-stop
2,65,85.0495,Soft,0.33000000000000007,2,2-stop
2,66,85.054,Soft,0.3600000000000001,2,2-stop
2,67,85.0585,Soft,0.3900000000000001,2,2-stop
2,68,85.063,Soft,0.42000000000000015,2,2-stop
2,69,85.0675,Soft,0.4500000000000002,2,2-stop
2,70,85.072,Soft,0.4800000000000002,2,2-stop
3,1,87.003,Medium,0.02,0,1-stop
3,2,87.006,Medium,0.04,0,1-stop
3,3,87.009,Medium,0.06,0,1-stop
3,4,87.012,Medium,0.08,0,1-stop
3,5,87.015,Medium,0.1,0,1-stop
3,6,87.018,Medium,0.12000000000000001,0,1-stop
3,7,87.021,Medium,0.14,0,1-stop
3,8,87.024,Medium,0.16,0,1-stop
3,9,87.027,Medium,0.18,0,1-stop
3,10,87.03,Medium,0.19999999999999998,0,1-stop
3,11,87.033,Medium,0.21999999999999997,0,1-stop
3,12,87.036,Medium,0.23999999999999996,0,1-stop
3,13,87.039,Medium,0.25999999999999995,0,1-stop
3,14,87.042,Medium,0.27999999999999997,0,1-stop
3,15,87.045,Medium,0.3,0,1-stop
3,16,87.048,Medium,0.32,0,1-stop
3,17,87.051,Medium,0.34,0,1-stop
3,18,87.054,Medium,0.36000000000000004,0,1-stop
3,19,87.057,Medium,0.38000000000000006,0,1-stop
3,20,87.06,Medium,0.4000000000000001,0,1-stop
3,21,87.063,Medium,0.4200000000000001,0,1-stop
3,22,87.066,Medium,0.4400000000000001,0,1-stop
3,23,87.069,Medium,0.46000000000000013,0,1-stop
3,24,87.072,Medium,0.48000000000000015,0,1-stop
3,25,87.075,Medium,0.5000000000000001,0,1-stop
3,26,110.078,Hard,0.0,1,1-stop
3,27,89.0015,Hard,0.01,1,1-stop
3,28,89.003,Hard,0.02,1,1-stop
3,29,89.0045,Hard,0.03,1,1-stop
3,30,89.006,Hard,0.04,1,1-stop
3,31,89.0075,Hard,0.05,1,1-stop
3,32,89.009,Hard,0.060000000000000005,1,1-stop
3,33,89.0105,Hard,0.07,1,1-stop
3,34,89.012,Hard,0.08,1,1-stop
3,35,89.0135,Hard,0.09,1,1-stop
3,36,89.015,Hard,0.09999999999999999,1,1-stop
3,37,89.0165,Hard,0.10999999999999999,1,1-stop
3,38,89.018,Hard,0.11999999999999998,1,1-stop
3,39,89.0195,Hard,0.12999999999999998,1,1-stop
3,40,89.021,Hard,0.13999999999999999,1,1-stop
3,41,89.0225,Hard,0.15,1,1-stop
3,42,89.024,Hard,0.16,1,1-stop
3,43,89.0255,Hard,0.17,1,1-stop
3,44,89.027,Hard,0.18000000000000002,1,1-stop
3,45,89.0285,Hard,0.19000000000000003,1,1-stop
3,46,89.03,Hard,0.20000000000000004,1,1-stop
3,47,89.0315,Hard,0.21000000000000005,1,1-stop
3,48,89.033,Hard,0.22000000000000006,1,1-stop
3,49,89.0345,Hard,0.23000000000000007,1,1-stop
3,50,89.036,Hard,0.24000000000000007,1,1-stop
3,51,89.0375,Hard,0.25000000000000006,1,1-stop
3,52,89.039,Hard,0.26000000000000006,1,1-stop
3,53,89.0405,Hard,0.2700000000000001,1,1-stop
3,54,89.042,Hard,0.2800000000000001,1,1-stop
3,55,89.0435,Hard,0.2900000000000001,1,1-stop
3,56,89.045,Hard,0.3000000000000001,1,1-stop
3,57,89.0465,Hard,0.3100000000000001,1,1-stop
3,58,89.048,Hard,0.3200000000000001,1,1-stop
3,59,89.0495,Hard,0.3300000000000001,1,1-stop
3,60,89.051,Hard,0.34000000000000014,1,1-stop
3,61,89.0525,Hard,0.35000000000000014,1,1-stop
3,62,89.054,Hard,0.36000000000000015,1,1-stop
3,63,89.0555,Hard,0.37000000000000016,1,1-stop
3,64,89.057,Hard,0.38000000000000017,1,1-stop
3,65,89.0585,Hard,0.3900000000000002,1,1-stop
3,66,89.06,Hard,0.4000000000000002,1,1-stop
3,67,89.0615,Hard,0.4100000000000002,1,1-stop
3,68,89.063,Hard,0.4200000000000002,1,1-stop
3,69,89.0645,Hard,0.4300000000000002,1,1-stop
3,70,89.066,Hard,0.4400000000000002,1,1-stop
4,1,89.0015,Hard,0.01,0,1-stop
4,2,89.003,Hard,0.02,0,1-stop
4,3,89.0045,Hard,0.03,0,1-stop
4,4,89.006,Hard,0.04,0,1-stop
4,5,89.0075,Hard,0.05,0,1-stop
4,6,89.009,Hard,0.060000000000000005,0,1-stop
4,7,89.0105,Hard,0.07,0,1-stop
4,8,89.012,Hard,0.08,0,1-stop
4,9,89.0135,Hard,0.09,0,1-stop
4,10,89.015,Hard,0.09999999999999999,0,1-stop
4,11,89.0165,Hard,0.10999999999999999,0,1-stop
4,12,89.018,Hard,0.11999999999999998,0,1-stop
4,13,89.0195,Hard,0.12999999999999998,0,1-stop
4,14,89.021,Hard,0.13999999999999999,0,1-stop
4,15,89.0225,Hard,0.15,0,1-stop
4,16,89.024,Hard,0.16,0,1-stop
4,17,89.0255,Hard,0.17,0,1-stop
4,18,89.027,Hard,0.18000000000000002,0,1-stop
4,19,89.0285,Hard,0.19000000000000003,0,1-stop
4,20,89.03,Hard,0.20000000000000004,0,1-stop
4,21,89.0315,Hard,0.21000000000000005,0,1-stop
4,22,89.033,Hard,0.22000000000000006,0,1-stop
4,23,89.0345,Hard,0.23000000000000007,0,1-stop
4,24,89.036,Hard,0.24000000000000007,0,1-stop
4,25,112.0375,Medium,0.0,1,1-stop
4,26,87.003,Medium,0.02,1,1-stop
4,27,87.006,Medium,0.04,1,1-stop
4,28,87.009,Medium,0.06,1,1-stop
4,29,87.012,Medium,0.08,1,1-stop
4,30,87.015,Medium,0.1,1,1-stop
4,31,87.018,Medium,0.12000000000000001,1,1-stop
4,32,87.021,Medium,0.14,1,1-stop
4,33,87.024,Medium,0.16,1,1-stop
4,34,87.027,Medium,0.18,1,1-stop
4,35,87.03,Medium,0.19999999999999998,1,1-stop
4,36,87.033,Medium,0.21999999999999997,1,1-stop
4,37,87.036,Medium,0.23999999999999996,1,1-stop
4,38,87.039,Medium,0.25999999999999995,1,1-stop
4,39,87.042,Medium,0.27999999999999997,1,1-stop
4,40,87.045,Medium,0.3,1,1-stop
4,41,87.048,Medium,0.32,1,1-stop
4,42,87.051,Medium,0.34,1,1-stop
4,43,87.054,Medium,0.36000000000000004,1,1-stop
4,44,87.057,Medium,0.38000000000000006,1,1-stop
4,45,87.06,Medium,0.4000000000000001,1,1-stop
4,46,87.063,Medium,0.4200000000000001,1,1-stop
4,47,87.066,Medium,0.4400000000000001,1,1-stop
4,48,87.069,Medium,0.46000000000000013,1,1-stop
4,49,87.072,Medium,0.48000000000000015,1,1-stop
4,50,87.075,Medium,0.5000000000000001,1,1-stop
4,51,87.078,Medium,0.5200000000000001,1,1-stop
4,52,87.081,Medium,0.5400000000000001,1,1-stop
4,53,87.084,Medium,0.5600000000000002,1,1-stop
4,54,87.087,Medium,0.5800000000000002,1,1-stop
4,55,87.09,Medium,0.6000000000000002,1,1-stop
4,56,87.093,Medium,0.6200000000000002,1,1-stop
4,57,87.096,Medium,0.6400000000000002,1,1-stop
4,58,87.099,Medium,0.6600000000000003,1,1-stop
4,59,87.102,Medium,0.6800000000000003,1,1-stop
4,60,87.105,Medium,0.7000000000000003,1,1-stop
4,61,87.108,Medium,0.7200000000000003,1,1-stop
4,62,87.111,Medium,0.7400000000000003,1,1-stop
4,63,87.114,Medium,0.7600000000000003,1,1-stop
4,64,87.117,Medium,0.7800000000000004,1,1-stop
4,65,87.12,Medium,0.8000000000000004,1,1-stop
4,66,87.123,Medium,0.8200000000000004,1,1-stop
4,67,87.126,Medium,0.8400000000000004,1,1-stop
4,68,87.129,Medium,0.8600000000000004,1,1-stop
4,69,87.132,Medium,0.8800000000000004,1,1-stop
4,70,87.135,Medium,0.9000000000000005,1,1-stop
5,1,87.003,Medium,0.02,0,1-stop
5,2,87.006,Medium,0.04,0,1-stop
5,3,87.009,Medium,0.06,0,1-stop
5,4,87.012,Medium,0.08,0,1-stop
5,5,87.015,Medium,0.1,0,1-stop
5,6,87.018,Medium,0.12000000000000001,0,1-stop
5,7,87.021,Medium,0.14,0,1-stop
5,8,87.024,Medium,0.16,0,1-stop
5,9,87.027,Medium,0.18,0,1-stop
5,10,87.03,Medium,0.19999999999999998,0,1-stop
5,11,87.033,Medium,0.21999999999999997,0,1-stop
5,12,87.036,Medium,0.23999999999999996,0,1-stop
5,13,87.039,Medium,0.25999999999999995,0,1-stop
5,14,87.042,Medium,0.27999999999999997,0,1-stop
5,15,87.045,Medium,0.3,0,1-stop
5,16,87.048,Medium,0.32,0,1-stop
5,17,87.051,Medium,0.34,0,1-stop
5,18,87.054,Medium,0.36000000000000004,0,1-stop
5,19,87.057,Medium,0.38000000000000006,0,1-stop
5,20,87.06,Medium,0.4000000000000001,0,1-stop
5,21,87.063,Medium,0.4200000000000001,0,1-stop
5,22,87.066,Medium,0.4400000000000001,0,1-stop
5,23,87.069,Medium,0.46000000000000013,0,1-stop
5,24,87.072,Medium,0.48000000000000015,0,1-stop
5,25,87.075,Medium,0.5000000000000001,0,1-stop
5,26,87.078,Medium,0.5200000000000001,0,1-stop
5,27,87.081,Medium,0.5400000000000001,0,1-stop
5,28,87.084,Medium,0.5600000000000002,0,1-stop
5,29,87.087,Medium,0.5800000000000002,0,1-stop
5,30,87.09,Medium,0.6000000000000002,0,1-stop
5,31,87.093,Medium,0.6200000000000002,0,1-stop
5,32,87.096,Medium,0.6400000000000002,0,1-stop
5,33,87.099,Medium,0.6600000000000003,0,1-stop
5,34,87.102,Medium,0.6800000000000003,0,1-stop
5,35,87.105,Medium,0.7000000000000003,0,1-stop
5,36,87.108,Medium,0.7200000000000003,0,1-stop
5,37,87.111,Medium,0.7400000000000003,0,1-stop
5,38,87.114,Medium,0.7600000000000003,0,1-stop
5,39,87.117,Medium,0.7800000000000004,0,1-stop
5,40,87.12,Medium,0.8000000000000004,0,1-stop
5,41,110.123,Medium,0.0,1,1-stop
5,42,87.003,Medium,0.02,1,1-stop
5,43,87.006,Medium,0.04,1,1-stop
5,44,87.009,Medium,0.06,1,1-stop
5,45,87.012,Medium,0.08,1,1-stop
5,46,87.015,Medium,0.1,1,1-stop
5,47,87.018,Medium,0.12000000000000001,1,1-stop
5,48,87.021,Medium,0.14,1,1-stop
5,49,87.024,Medium,0.16,1,1-stop
5,50,87.027,Medium,0.18,1,1-stop
5,51,87.03,Medium,0.19999999999999998,1,1-stop
5,52,87.033,Medium,0.21999999999999997,1,1-stop
5,53,87.036,Medium,0.23999999999999996,1,1-stop
5,54,87.039,Medium,0.25999999999999995,1,1-stop
5,55,87.042,Medium,0.27999999999999997,1,1-stop
5,56,87.045,Medium,0.3,1,1-stop
5,57,87.048,Medium,0.32,1,1-stop
5,58,87.051,Medium,0.34,1,1-stop
5,59,87.054,Medium,0.36000000000000004,1,1-stop
5,60,87.057,Medium,0.38000000000000006,1,1-stop
5,61,87.06,Medium,0.4000000000000001,1,1-stop
5,62,87.063,Medium,0.4200000000000001,1,1-stop
5,63,87.066,Medium,0.4400000000000001,1,1-stop
5,64,87.069,Medium,0.46000000000000013,1,1-stop
5,65,87.072,Medium,0.48000000000000015,1,1-stop
5,66,87.075,Medium,0.5000000000000001,1,1-stop
5,67,87.078,Medium,0.5200000000000001,1,1-stop
5,68,87.081,Medium,0.5400000000000001,1,1-stop
5,69,87.084,Medium,0.5600000000000002,1,1-stop
5,70,87.087,Medium,0.5800000000000002,1,1-stop
6,1,85.0045,Soft,0.03,0,1-stop
6,2,85.009,Soft,0.06,0,1-stop
6,3,85.0135,Soft,0.09,0,1-stop
6,4,85.018,Soft,0.12,0,1-stop
6,5,85.0225,Soft,0.15,0,1-stop
6,6,85.027,Soft,0.18,0,1-stop
6,7,85.0315,Soft,0.21,0,1-stop
6,8,85.036,Soft,0.24,0,1-stop
6,9,85.0405,Soft,0.27,0,1-stop
6,10,85.045,Soft,0.30000000000000004,0,1-stop
6,11,85.0495,Soft,0.33000000000000007,0,1-stop
6,12,85.054,Soft,0.3600000000000001,0,1-stop
6,13,85.0585,Soft,0.3900000000000001,0,1-stop
6,14,85.063,Soft,0.42000000000000015,0,1-stop
6,15,85.0675,Soft,0.4500000000000002,0,1-stop
6,16,85.072,Soft,0.4800000000000002,0,1-stop
6,17,85.0765,Soft,0.5100000000000002,0,1-stop
6,18,85.081,Soft,0.5400000000000003,0,1-stop
6,19,85.0855,Soft,0.5700000000000003,0,1-stop
6,20,85.09,Soft,0.6000000000000003,0,1-stop
6,21,85.0945,Soft,0.6300000000000003,0,1-stop
6,22,85.099,Soft,0.6600000000000004,0,1-stop
6,23,85.1035,Soft,0.6900000000000004,0,1-stop
6,24,85.108,Soft,0.7200000000000004,0,1-stop
6,25,85.1125,Soft,0.7500000000000004,0,1-stop
6,26,85.117,Soft,0.7800000000000005,0,1-stop
6,27,85.1215,Soft,0.8100000000000005,0,1-stop
6,28,85.126,Soft,0.8400000000000005,0,1-stop
6,29,85.1305,Soft,0.8700000000000006,0,1-stop
6,30,85.135,Soft,0.9000000000000006,0,1-stop
6,31,85.1395,Soft,0.9300000000000006,0,1-stop
6,32,85.144,Soft,0.9600000000000006,0,1-stop
6,33,85.1485,Soft,0.9900000000000007,0,1-stop
6,34,85.153,Soft,1.0200000000000007,0,1-stop
6,35,85.1575,Soft,1.0500000000000007,0,1-stop
6,36,85.162,Soft,1.0800000000000007,0,1-stop
6,37,85.1665,Soft,1.1100000000000008,0,1-stop
6,38,85.171,Soft,1.1400000000000008,0,1-stop
6,39,85.1755,Soft,1.1700000000000008,0,1-stop
6,40,108.18,Medium,0.0,1,1-stop
6,41,87.003,Medium,0.02,1,1-stop
6,42,87.006,Medium,0.04,1,1-stop
6,43,87.009,Medium,0.06,1,1-stop
6,44,87.012,Medium,0.08,1,1-stop
6,45,87.015,Medium,0.1,1,1-stop
6,46,87.018,Medium,0.12000000000000001,1,1-stop
6,47,87.021,Medium,0.14,1,1-stop
6,48,87.024,Medium,0.16,1,1-stop
6,49,87.027,Medium,0.18,1,1-stop
6,50,87.03,Medium,0.19999999999999998,1,1-stop
6,51,87.033,Medium,0.21999999999999997,1,1-stop
6,52,87.036,Medium,0.23999999999999996,1,1-stop
6,53,87.039,Medium,0.25999999999999995,1,1-stop
6,54,87.042,Medium,0.27999999999999997,1,1-stop
6,55,87.045,Medium,0.3,1,1-stop
6,56,87.048,Medium,0.32,1,1-stop
6,57,87.051,Medium,0.34,1,1-stop
6,58,87.054,Medium,0.36000000000000004,1,1-stop
6,59,87.057,Medium,0.38000000000000006,1,1-stop
6,60,87.06,Medium,0.4000000000000001,1,1-stop
6,61,87.063,Medium,0.4200000000000001,1,1-stop
6,62,87.066,Medium,0.4400000000000001,1,1-stop
6,63,87.069,Medium,0.46000000000000013,1,1-stop
6,64,87.072,Medium,0.48000000000000015,1,1-stop
6,65,87.075,Medium,0.5000000000000001,1,1-stop
6,66,87.078,Medium,0.5200000000000001,1,1-stop
6,67,87.081,Medium,0.5400000000000001,1,1-stop
6,68,87.084,Medium,0.5600000000000002,1,1-stop
6,69,87.087,Medium,0.5800000000000002,1,1-stop
6,70,87.09,Medium,0.6000000000000002,1,1-stop
7,1,85.0045,Soft,0.03,0,2-stop
7,2,85.009,Soft,0.06,0,2-stop
7,3,85.0135,Soft,0.09,0,2-stop
7,4,85.018,Soft,0.12,0,2-stop
7,5,85.0225,Soft,0.15,0,2-stop
7,6,85.027,Soft,0.18,0,2-stop
7,7,85.0315,Soft,0.21,0,2-stop
7,8,85.036,Soft,0.24,0,2-stop
7,9,85.0405,Soft,0.27,0,2-stop
7,10,85.045,Soft,0.30000000000000004,0,2-stop
7,11,85.0495,Soft,0.33000000000000007,0,2-stop
7,12,85.054,Soft,0.3600000000000001,0,2-stop
7,13,85.0585,Soft,0.3900000000000001,0,2-stop
7,14,85.063,Soft,0.42000000000000015,0,2-stop
7,15,85.0675,Soft,0.4500000000000002,0,2-stop
7,16,85.072,Soft,0.4800000000000002,0,2-stop
7,17,108.0765,Medium,0.0,1,2-stop
7,18,87.003,Medium,0.02,1,2-stop
7,19,87.006,Medium,0.04,1,2-stop
7,20,87.009,Medium,0.06,1,2-stop
7,21,87.012,Medium,0.08,1,2-stop
7,22,87.015,Medium,0.1,1,2-stop
7,23,87.018,Medium,0.12000000000000001,1,2-stop
7,24,87.021,Medium,0.14,1,2-stop
7,25,87.024,Medium,0.16,1,2-stop
7,26,87.027,Medium,0.18,1,2-stop
7,27,87.03,Medium,0.19999999999999998,1,2-stop
7,28,87.033,Medium,0.21999999999999997,1,2-stop
7,29,87.036,Medium,0.23999999999999996,1,2-stop
7,30,87.039,Medium,0.25999999999999995,1,2-stop
7,31,87.042,Medium,0.27999999999999997,1,2-stop
7,32,87.045,Medium,0.3,1,2-stop
7,33,87.048,Medium,0.32,1,2-stop
7,34,87.051,Medium,0.34,1,2-stop
7,35,87.054,Medium,0.36000000000000004,1,2-stop
7,36,87.057,Medium,0.38000000000000006,1,2-stop
7,37,87.06,Medium,0.4000000000000001,1,2-stop
7,38,87.063,Medium,0.4200000000000001,1,2-stop
7,39,87.066,Medium,0.4400000000000001,1,2-stop
7,40,87.069,Medium,0.46000000000000013,1,2-stop
7,41,87.072,Medium,0.48000000000000015,1,2-stop
7,42,87.075,Medium,0.5000000000000001,1,2-stop
7,43,87.078,Medium,0.5200000000000001,1,2-stop
7,44,87.081,Medium,0.5400000000000001,1,2-stop
7,45,87.084,Medium,0.5600000000000002,1,2-stop
7,46,87.087,Medium,0.5800000000000002,1,2-stop
7,47,87.09,Medium,0.6000000000000002,1,2-stop
7,48,87.093,Medium,0.6200000000000002,1,2-stop
7,49,87.096,Medium,0.6400000000000002,1,2-stop
7,50,87.099,Medium,0.6600000000000003,1,2-stop
7,51,110.102,Soft,0.0,2,2-stop
7,52,85.0045,Soft,0.03,2,2-stop
7,53,85.009,Soft,0.06,2,2-stop
7,54,85.0135,Soft,0.09,2,2-stop
7,55,85.018,Soft,0.12,2,2-stop
7,56,85.0225,Soft,0.15,2,2-stop
7,57,85.027,Soft,0.18,2,2-stop
7,58,85.0315,Soft,0.21,2,2-stop
7,59,85.036,Soft,0.24,2,2-stop
7,60,85.0405,Soft,0.27,2,2-stop
7,61,85.045,Soft,0.30000000000000004,2,2-stop
7,62,85.0495,Soft,0.33000000000000007,2,2-stop
7,63,85.054,Soft,0.3600000000000001,2,2-stop
7,64,85.0585,Soft,0.3900000000000001,2,2-stop
7,65,85.063,Soft,0.42000000000000015,2,2-stop
7,66,85.0675,Soft,0.4500000000000002,2,2-stop
7,67,85.072,Soft,0.4800000000000002,2,2-stop
7,68,85.0765,Soft,0.5100000000000002,2,2-stop
7,69,85.081,Soft,0.5400000000000003,2,2-stop
7,70,85.0855,Soft,0.5700000000000003,2,2-stop
8,1,85.0045,Soft,0.03,0,1-stop
8,2,85.009,Soft,0.06,0,1-stop
8,3,85.0135,Soft,0.09,0,1-stop
8,4,85.018,Soft,0.12,0,1-stop
8,5,85.0225,Soft,0.15,0,1-stop
8,6,85.027,Soft,0.18,0,1-stop
8,7,85.0315,Soft,0.21,0,1-stop
8,8,85.036,Soft,0.24,0,1-stop
8,9,85.0405,Soft,0.27,0,1-stop
8,10,85.045,Soft,0.30000000000000004,0,1-stop
8,11,85.0495,Soft,0.33000000000000007,0,1-stop
8,12,85.054,Soft,0.3600000000000001,0,1-stop
8,13,85.0585,Soft,0.3900000000000001,0,1-stop
8,14,85.063,Soft,0.42000000000000015,0,1-stop
8,15,85.0675,Soft,0.4500000000000002,0,1-stop
8,16,85.072,Soft,0.4800000000000002,0,1-stop
8,17,85.0765,Soft,0.5100000000000002,0,1-stop
8,18,85.081,Soft,0.5400000000000003,0,1-stop
8,19,85.0855,Soft,0.5700000000000003,0,1-stop
8,20,85.09,Soft,0.6000000000000003,0,1-stop
8,21,85.0945,Soft,0.6300000000000003,0,1-stop
8,22,85.099,Soft,0.6600000000000004,0,1-stop
8,23,85.1035,Soft,0.6900000000000004,0,1-stop
8,24,85.108,Soft,0.7200000000000004,0,1-stop
8,25,85.1125,Soft,0.7500000000000004,0,1-stop
8,26,85.117,Soft,0.7800000000000005,0,1-stop
8,27,85.1215,Soft,0.8100000000000005,0,1-stop
8,28,108.126,Hard,0.0,1,1-stop
8,29,89.0015,Hard,0.01,1,1-stop
8,30,89.003,Hard,0.02,1,1-stop
8,31,89.0045,Hard,0.03,1,1-stop
8,32,89.006,Hard,0.04,1,1-stop
8,33,89.0075,Hard,0.05,1,1-stop
8,34,89.009,Hard,0.060000000000000005,1,1-stop
8,35,89.0105,Hard,0.07,1,1-stop
8,36,89.012,Hard,0.08,1,1-stop
8,37,89.0135,Hard,0.09,1,1-stop
8,38,89.015,Hard,0.09999999999999999,1,1-stop
8,39,89.0165,Hard,0.10999999999999999,1,1-stop
8,40,89.018,Hard,0.11999999999999998,1,1-stop
8,41,89.0195,Hard,0.12999999999999998,1,1-stop
8,42,89.021,Hard,0.13999999999999999,1,1-stop
8,43,89.0225,Hard,0.15,1,1-stop
8,44,89.024,Hard,0.16,1,1-stop
8,45,89.0255,Hard,0.17,1,1-stop
8,46,89.027,Hard,0.18000000000000002,1,1-stop
8,47,89.0285,Hard,0.19000000000000003,1,1-stop
8,48,89.03,Hard,0.20000000000000004,1,1-stop
8,49,89.0315,Hard,0.21000000000000005,1,1-stop
8,50,89.033,Hard,0.22000000000000006,1,1-stop
8,51,89.0345,Hard,0.23000000000000007,1,1-stop
8,52,89.036,Hard,0.24000000000000007,1,1-stop
8,53,89.0375,Hard,0.25000000000000006,1,1-stop
8,54,89.039,Hard,0.26000000000000006,1,1-stop
8,55,89.0405,Hard,0.2700000000000001,1,1-stop
8,56,89.042,Hard,0.2800000000000001,1,1-stop
8,57,89.0435,Hard,0.2900000000000001,1,1-stop
8,58,89.045,Hard,0.3000000000000001,1,1-stop
8,59,89.0465,Hard,0.3100000000000001,1,1-stop
8,60,89.048,Hard,0.3200000000000001,1,1-stop
8,61,89.0495,Hard,0.3300000000000001,1,1-stop
8,62,89.051,Hard,0.34000000000000014,1,1-stop
8,63,89.0525,Hard,0.35000000000000014,1,1-stop
8,64,89.054,Hard,0.36000000000000015,1,1-stop
8,65,89.0555,Hard,0.37000000000000016,1,1-stop
8,66,89.057,Hard,0.38000000000000017,1,1-stop
8,67,89.0585,Hard,0.3900000000000002,1,1-stop
8,68,89.06,Hard,0.4000000000000002,1,1-stop
8,69,89.0615,Hard,0.4100000000000002,1,1-stop
8,70,89.063,Hard,0.4200000000000002,1,1-stop
9,1,87.003,Medium,0.02,0,1-stop
9,2,87.006,Medium,0.04,0,1-stop
9,3,87.009,Medium,0.06,0,1-stop
9,4,87.012,Medium,0.08,0,1-stop
9,5,87.015,Medium,0.1,0,1-stop
9,6,87.018,Medium,0.12000000000000001,0,1-stop
9,7,87.021,Medium,0.14,0,1-stop
9,8,87.024,Medium,0.16,0,1-stop
9,9,87.027,Medium,0.18,0,1-stop
9,10,87.03,Medium,0.19999999999999998,0,1-stop
9,11,87.033,Medium,0.21999999999999997,0,1-stop
9,12,87.036,Medium,0.23999999999999996,0,1-stop
9,13,87.039,Medium,0.25999999999999995,0,1-stop
9,14,87.042,Medium,0.27999999999999997,0,1-stop
9,15,87.045,Medium,0.3,0,1-stop
9,16,87.048,Medium,0.32,0,1-stop
9,17,87.051,Medium,0.34,0,1-stop
9,18,87.054,Medium,0.36000000000000004,0,1-stop
9,19,87.057,Medium,0.38000000000000006,0,1-stop
9,20,87.06,Medium,0.4000000000000001,0,1-stop
9,21,87.063,Medium,0.4200000000000001,0,1-stop
9,22,87.066,Medium,0.4400000000000001,0,1-stop
9,23,87.069,Medium,0.46000000000000013,0,1-stop
9,24,87.072,Medium,0.48000000000000015,0,1-stop
9,25,87.075,Medium,0.5000000000000001,0,1-stop
9,26,110.078,Medium,0.0,1,1-stop
9,27,87.003,Medium,0.02,1,1-stop
9,28,87.006,Medium,0.04,1,1-stop
9,29,87.009,Medium,0.06,1,1-stop
9,30,87.012,Medium,0.08,1,1-stop
9,31,87.015,Medium,0.1,1,1-stop
9,32,87.018,Medium,0.12000000000000001,1,1-stop
9,33,87.021,Medium,0.14,1,1-stop
9,34,87.024,Medium,0.16,1,1-stop
9,35,87.027,Medium,0.18,1,1-stop
9,36,87.03,Medium,0.19999999999999998,1,1-stop
9,37,87.033,Medium,0.21999999999999997,1,1-stop
9,38,87.036,Medium,0.23999999999999996,1,1-stop
9,39,87.039,Medium,0.25999999999999995,1,1-stop
9,40,87.042,Medium,0.27999999999999997,1,1-stop
9,41,87.045,Medium,0.3,1,1-stop
9,42,87.048,Medium,0.32,1,1-stop
9,43,87.051,Medium,0.34,1,1-stop
9,44,87.054,Medium,0.36000000000000004,1,1-stop
9,45,87.057,Medium,0.38000000000000006,1,1-stop
9,46,87.06,Medium,0.4000000000000001,1,1-stop
9,47,87.063,Medium,0.4200000000000001,1,1-stop
9,48,87.066,Medium,0.4400000000000001,1,1-stop
9,49,87.069,Medium,0.46000000000000013,1,1-stop
9,50,87.072,Medium,0.48000000000000015,1,1-stop
9,51,87.075,Medium,0.5000000000000001,1,1-stop
9,52,87.078,Medium,0.5200000000000001,1,1-stop
9,53,87.081,Medium,0.5400000000000001,1,1-stop
9,54,87.084,Medium,0.5600000000000002,1,1-stop
9,55,87.087,Medium,0.5800000000000002,1,1-stop
9,56,87.09,Medium,0.6000000000000002,1,1-stop
9,57,87.093,Medium,0.6200000000000002,1,1-stop
9,58,87.096,Medium,0.6400000000000002,1,1-stop
9,59,87.099,Medium,0.6600000000000003,1,1-stop
9,60,87.102,Medium,0.6800000000000003,1,1-stop
9,61,87.105,Medium,0.7000000000000003,1,1-stop
9,62,87.108,Medium,0.7200000000000003,1,1-stop
9,63,87.111,Medium,0.7400000000000003,1,1-stop
9,64,87.114,Medium,0.7600000000000003,1,1-stop
9,65,87.117,Medium,0.7800000000000004,1,1-stop
9,66,87.12,Medium,0.8000000000000004,1,1-stop
9,67,87.123,Medium,0.8200000000000004,1,1-stop
9,68,87.126,Medium,0.8400000000000004,1,1-stop
9,69,87.129,Medium,0.8600000000000004,1,1-stop
9,70,87.132,Medium,0.8800000000000004,1,1-stop
10,1,87.003,Medium,0.02,0,1-stop
10,2,87.006,Medium,0.04,0,1-stop
10,3,87.009,Medium,0.06,0,1-stop
10,4,87.012,Medium,0.08,0,1-stop
10,5,87.015,Medium,0.1,0,1-stop
10,6,87.018,Medium,0.12000000000000001,0,1-stop
10,7,87.021,Medium,0.14,0,1-stop
10,8,87.024,Medium,0.16,0,1-stop
10,9,87.027,Medium,0.18,0,1-stop
10,10,87.03,Medium,0.19999999999999998,0,1-stop
10,11,87.033,Medium,0.21999999999999997,0,1-stop
10,12,87.036,Medium,0.23999999999999996,0,1-stop
10,13,87.039,Medium,0.25999999999999995,0,1-stop
10,14,87.042,Medium,0.27999999999999997,0,1-stop
10,15,87.045,Medium,0.3,0,1-stop
10,16,87.048,Medium,0.32,0,1-stop
10,17,87.051,Medium,0.34,0,1-stop
10,18,87.054,Medium,0.36000000000000004,0,1-stop
10,19,87.057,Medium,0.38000000000000006,0,1-stop
10,20,87.06,Medium,0.4000000000000001,0,1-stop
10,21,87.063,Medium,0.4200000000000001,0,1-stop
10,22,87.066,Medium,0.4400000000000001,0,1-stop
10,23,87.069,Medium,0.46000000000000013,0,1-stop
10,24,87.072,Medium,0.48000000000000015,0,1-stop
10,25,87.075,Medium,0.5000000000000001,0,1-stop
10,26,87.078,Medium,0.5200000000000001,0,1-stop
10,27,87.081,Medium,0.5400000000000001,0,1-stop
10,28,87.084,Medium,0.5600000000000002,0,1-stop
10,29,87.087,Medium,0.5800000000000002,0,1-stop
10,30,87.09,Medium,0.6000000000000002,0,1-stop
10,31,87.093,Medium,0.6200000000000002,0,1-stop
10,32,110.096,Medium,0.0,1,1-stop
10,33,87.003,Medium,0.02,1,1-stop
10,34,87.006,Medium,0.04,1,1-stop
10,35,87.009,Medium,0.06,1,1-stop
10,36,87.012,Medium,0.08,1,1-stop
10,37,87.015,Medium,0.1,1,1-stop
10,38,87.018,Medium,0.12000000000000001,1,1-stop
10,39,87.021,Medium,0.14,1,1-stop
10,40,87.024,Medium,0.16,1,1-stop
10,41,87.027,Medium,0.18,1,1-stop
10,42,87.03,Medium,0.19999999999999998,1,1-stop
10,43,87.033,Medium,0.21999999999999997,1,1-stop
10,44,87.036,Medium,0.23999999999999996,1,1-stop
10,45,87.039,Medium,0.25999999999999995,1,1-stop
10,46,87.042,Medium,0.27999999999999997,1,1-stop
10,47,87.045,Medium,0.3,1,1-stop
10,48,87.048,Medium,0.32,1,1-stop
10,49,87.051,Medium,0.34,1,1-stop
10,50,87.054,Medium,0.36000000000000004,1,1-stop
10,51,87.057,Medium,0.38000000000000006,1,1-stop
10,52,87.06,Medium,0.4000000000000001,1,1-stop
10,53,87.063,Medium,0.4200000000000001,1,1-stop
10,54,87.066,Medium,0.4400000000000001,1,1-stop
10,55,87.069,Medium,0.46000000000000013,1,1-stop
10,56,87.072,Medium,0.48000000000000015,1,1-stop
10,57,87.075,Medium,0.5000000000000001,1,1-stop
10,58,87.078,Medium,0.5200000000000001,1,1-stop
10,59,87.081,Medium,0.5400000000000001,1,1-stop
10,60,87.084,Medium,0.5600000000000002,1,1-stop
10,61,87.087,Medium,0.5800000000000002,1,1-stop
10,62,87.09,Medium,0.6000000000000002,1,1-stop
10,63,87.093,Medium,0.6200000000000002,1,1-stop
10,64,87.096,Medium,0.6400000000000002,1,1-stop
10,65,87.099,Medium,0.6600000000000003,1,1-stop
10,66,87.102,Medium,0.6800000000000003,1,1-stop
10,67,87.105,Medium,0.7000000000000003,1,1-stop
10,68,87.108,Medium,0.7200000000000003,1,1-stop
10,69,87.111,Medium,0.7400000000000003,1,1-stop
10,70,87.114,Medium,0.7600000000000003,1,1-stop
11,1,89.0015,Hard,0.01,0,1-stop
11,2,89.003,Hard,0.02,0,1-stop
11,3,89.0045,Hard,0.03,0,1-stop
11,4,89.006,Hard,0.04,0,1-stop
11,5,89.0075,Hard,0.05,0,1-stop
11,6,89.009,Hard,0.060000000000000005,0,1-stop
11,7,89.0105,Hard,0.07,0,1-stop
11,8,89.012,Hard,0.08,0,1-stop
11,9,89.0135,Hard,0.09,0,1-stop
11,10,89.015,Hard,0.09999999999999999,0,1-stop
11,11,89.0165,Hard,0.10999999999999999,0,1-stop
11,12,89.018,Hard,0.11999999999999998,0,1-stop
11,13,89.0195,Hard,0.12999999999999998,0,1-stop
11,14,89.021,Hard,0.13999999999999999,0,1-stop
11,15,89.0225,Hard,0.15,0,1-stop
11,16,89.024,Hard,0.16,0,1-stop
11,17,89.0255,Hard,0.17,0,1-stop
11,18,89.027,Hard,0.18000000000000002,0,1-stop
11,19,89.0285,Hard,0.19000000000000003,0,1-stop
11,20,89.03,Hard,0.20000000000000004,0,1-stop
11,21,89.0315,Hard,0.21000000000000005,0,1-stop
11,22,89.033,Hard,0.22000000000000006,0,1-stop
11,23,89.0345,Hard,0.23000000000000007,0,1-stop
11,24,89.036,Hard,0.24000000000000007,0,1-stop
11,25,89.0375,Hard,0.25000000000000006,0,1-stop
11,26,89.039,Hard,0.26000000000000006,0,1-stop
11,27,89.0405,Hard,0.2700000000000001,0,1-stop
11,28,89.042,Hard,0.2800000000000001,0,1-stop
11,29,89.0435,Hard,0.2900000000000001,0,1-stop
11,30,89.045,Hard,0.3000000000000001,0,1-stop
11,31,89.0465,Hard,0.3100000000000001,0,1-stop
11,32,112.048,Hard,0.0,1,1-stop
11,33,89.0015,Hard,0.01,1,1-stop
11,34,89.003,Hard,0.02,1,1-stop
11,35,89.0045,Hard,0.03,1,1-stop
11,36,89.006,Hard,0.04,1,1-stop
11,37,89.0075,Hard,0.05,1,1-stop
11,38,89.009,Hard,0.060000000000000005,1,1-stop
11,39,89.0105,Hard,0.07,1,1-stop
11,40,89.012,Hard,0.08,1,1-stop
11,41,89.0135,Hard,0.09,1,1-stop
11,42,89.015,Hard,0.09999999999999999,1,1-stop
11,43,89.0165,Hard,0.10999999999999999,1,1-stop
11,44,89.018,Hard,0.11999999999999998,1,1-stop
11,45,89.0195,Hard,0.12999999999999998,1,1-stop
11,46,89.021,Hard,0.13999999999999999,1,1-stop
11,47,89.0225,Hard,0.15,1,1-stop
11,48,89.024,Hard,0.16,1,1-stop
11,49,89.0255,Hard,0.17,1,1-stop
11,50,89.027,Hard,0.18000000000000002,1,1-stop
11,51,89.0285,Hard,0.19000000000000003,1,1-stop
11,52,89.03,Hard,0.20000000000000004,1,1-stop
11,53,89.0315,Hard,0.21000000000000005,1,1-stop
11,54,89.033,Hard,0.22000000000000006,1,1-stop
11,55,89.0345,Hard,0.23000000000000007,1,1-stop
11,56,89.036,Hard,0.24000000000000007,1,1-stop
11,57,89.0375,Hard,0.25000000000000006,1,1-stop
11,58,89.039,Hard,0.26000000000000006,1,1-stop
11,59,89.0405,Hard,0.2700000000000001,1,1-stop
11,60,89.042,Hard,0.2800000000000001,1,1-stop
11,61,89.0435,Hard,0.2900000000000001,1,1-stop
11,62,89.045,Hard,0.3000000000000001,1,1-stop
11,63,89.0465,Hard,0.3100000000000001,1,1-stop
11,64,89.048,Hard,0.3200000000000001,1,1-stop
11,65,89.0495,Hard,0.3300000000000001,1,1-stop
11,66,89.051,Hard,0.34000000000000014,1,1-stop
11,67,89.0525,Hard,0.35000000000000014,1,1-stop
11,68,89.054,Hard,0.36000000000000015,1,1-stop
11,69,89.0555,Hard,0.37000000000000016,1,1-stop
11,70,89.057,Hard,0.38000000000000017,1,1-stop
12,1,87.003,Medium,0.02,0,1-stop
12,2,87.006,Medium,0.04,0,1-stop
12,3,87.009,Medium,0.06,0,1-stop
12,4,87.012,Medium,0.08,0,1-stop
12,5,87.015,Medium,0.1,0,1-stop
12,6,87.018,Medium,0.12000000000000001,0,1-stop
12,7,87.021,Medium,0.14,0,1-stop
12,8,87.024,Medium,0.16,0,1-stop
12,9,87.027,Medium,0.18,0,1-stop
12,10,87.03,Medium,0.19999999999999998,0,1-stop
12,11,87.033,Medium,0.21999999999999997,0,1-stop
12,12,87.036,Medium,0.23999999999999996,0,1-stop
12,13,87.039,Medium,0.25999999999999995,0,1-stop
12,14,87.042,Medium,0.27999999999999997,0,1-stop
12,15,87.045,Medium,0.3,0,1-stop
12,16,87.048,Medium,0.32,0,1-stop
12,17,87.051,Medium,0.34,0,1-stop
12,18,87.054,Medium,0.36000000000000004,0,1-stop
12,19,87.057,Medium,0.38000000000000006,0,1-stop
12,20,87.06,Medium,0.4000000000000001,0,1-stop
12,21,87.063,Medium,0.4200000000000001,0,1-stop
12,22,87.066,Medium,0.4400000000000001,0,1-stop
12,23,87.069,Medium,0.46000000000000013,0,1-stop
12,24,87.072,Medium,0.48000000000000015,0,1-stop
12,25,87.075,Medium,0.5000000000000001,0,1-stop
12,26,87.078,Medium,0.5200000000000001,0,1-stop
12,27,87.081,Medium,0.5400000000000001,0,1-stop
12,28,110.084,Medium,0.0,1,1-stop
12,29,87.003,Medium,0.02,1,1-stop
12,30,87.006,Medium,0.04,1,1-stop
12,31,87.009,Medium,0.06,1,1-stop
12,32,87.012,Medium,0.08,1,1-stop
12,33,87.015,Medium,0.1,1,1-stop
12,34,87.018,Medium,0.12000000000000001,1,1-stop
12,35,87.021,Medium,0.14,1,1-stop
12,36,87.024,Medium,0.16,1,1-stop
12,37,87.027,Medium,0.18,1,1-stop
12,38,87.03,Medium,0.19999999999999998,1,1-stop
12,39,87.033,Medium,0.21999999999999997,1,1-stop
12,40,87.036,Medium,0.23999999999999996,1,1-stop
12,41,87.039,Medium,0.25999999999999995,1,1-stop
12,42,87.042,Medium,0.27999999999999997,1,1-stop
12,43,87.045,Medium,0.3,1,1-stop
12,44,87.048,Medium,0.32,1,1-stop
12,45,87.051,Medium,0.34,1,1-stop
12,46,87.054,Medium,0.36000000000000004,1,1-stop
12,47,87.057,Medium,0.38000000000000006,1,1-stop
12,48,87.06,Medium,0.4000000000000001,1,1-stop
12,49,87.063,Medium,0.4200000000000001,1,1-stop
12,50,87.066,Medium,0.4400000000000001,1,1-stop
12,51,87.069,Medium,0.46000000000000013,1,1-stop
12,52,87.072,Medium,0.48000000000000015,1,1-stop
12,53,87.075,Medium,0.5000000000000001,1,1-stop
12,54,87.078,Medium,0.5200000000000001,1,1-stop
12,55,87.081,Medium,0.5400000000000001,1,1-stop
12,56,87.084,Medium,0.5600000000000002,1,1-stop
12,57,87.087,Medium,0.5800000000000002,1,1-stop
12,58,87.09,Medium,0.6000000000000002,1,1-stop
12,59,87.093,Medium,0.6200000000000002,1,1-stop
12,60,87.096,Medium,0.6400000000000002,1,1-stop
12,61,87.099,Medium,0.6600000000000003,1,1-stop
12,62,87.102,Medium,0.6800000000000003,1,1-stop
12,63,87.105,Medium,0.7000000000000003,1,1-stop
12,64,87.108,Medium,0.7200000000000003,1,1-stop
12,65,87.111,Medium,0.7400000000000003,1,1-stop
12,66,87.114,Medium,0.7600000000000003,1,1-stop
12,67,87.117,Medium,0.7800000000000004,1,1-stop
12,68,87.12,Medium,0.8000000000000004,1,1-stop
12,69,87.123,Medium,0.8200000000000004,1,1-stop
12,70,87.126,Medium,0.8400000000000004,1,1-stop
13,1,89.0015,Hard,0.01,0,2-stop
13,2,89.003,Hard,0.02,0,2-stop
13,3,89.0045,Hard,0.03,0,2-stop
13,4,89.006,Hard,0.04,0,2-stop
13,5,89.0075,Hard,0.05,0,2-stop
13,6,89.009,Hard,0.060000000000000005,0,2-stop
13,7,89.0105,Hard,0.07,0,2-stop
13,8,89.012,Hard,0.08,0,2-stop
13,9,89.0135,Hard,0.09,0,2-stop
13,10,89.015,Hard,0.09999999999999999,0,2-stop
13,11,89.0165,Hard,0.10999999999999999,0,2-stop
13,12,89.018,Hard,0.11999999999999998,0,2-stop
13,13,89.0195,Hard,0.12999999999999998,0,2-stop
13,14,89.021,Hard,0.13999999999999999,0,2-stop
13,15,89.0225,Hard,0.15,0,2-stop
13,16,89.024,Hard,0.16,0,2-stop
13,17,89.0255,Hard,0.17,0,2-stop
13,18,89.027,Hard,0.18000000000000002,0,2-stop
13,19,89.0285,Hard,0.19000000000000003,0,2-stop
13,20,89.03,Hard,0.20000000000000004,0,2-stop
13,21,89.0315,Hard,0.21000000000000005,0,2-stop
13,22,89.033,Hard,0.22000000000000006,0,2-stop
13,23,89.0345,Hard,0.23000000000000007,0,2-stop
13,24,112.036,Hard,0.0,1,2-stop
13,25,89.0015,Hard,0.01,1,2-stop
13,26,89.003,Hard,0.02,1,2-stop
13,27,89.0045,Hard,0.03,1,2-stop
13,28,89.006,Hard,0.04,1,2-stop
13,29,89.0075,Hard,0.05,1,2-stop
13,30,89.009,Hard,0.060000000000000005,1,2-stop
13,31,89.0105,Hard,0.07,1,2-stop
13,32,89.012,Hard,0.08,1,2-stop
13,33,89.0135,Hard,0.09,1,2-stop
13,34,89.015,Hard,0.09999999999999999,1,2-stop
13,35,89.0165,Hard,0.10999999999999999,1,2-stop
13,36,89.018,Hard,0.11999999999999998,1,2-stop
13,37,89.0195,Hard,0.12999999999999998,1,2-stop
13,38,89.021,Hard,0.13999999999999999,1,2-stop
13,39,89.0225,Hard,0.15,1,2-stop
13,40,89.024,Hard,0.16,1,2-stop
13,41,89.0255,Hard,0.17,1,2-stop
13,42,89.027,Hard,0.18000000000000002,1,2-stop
13,43,89.0285,Hard,0.19000000000000003,1,2-stop
13,44,89.03,Hard,0.20000000000000004,1,2-stop
13,45,89.0315,Hard,0.21000000000000005,1,2-stop
13,46,89.033,Hard,0.22000000000000006,1,2-stop
13,47,89.0345,Hard,0.23000000000000007,1,2-stop
13,48,112.036,Medium,0.0,2,2-stop
13,49,87.003,Medium,0.02,2,2-stop
13,50,87.006,Medium,0.04,2,2-stop
13,51,87.009,Medium,0.06,2,2-stop
13,52,87.012,Medium,0.08,2,2-stop
13,53,87.015,Medium,0.1,2,2-stop
13,54,87.018,Medium,0.12000000000000001,2,2-stop
13,55,87.021,Medium,0.14,2,2-stop
13,56,87.024,Medium,0.16,2,2-stop
13,57,87.027,Medium,0.18,2,2-stop
13,58,87.03,Medium,0.19999999999999998,2,2-stop
13,59,87.033,Medium,0.21999999999999997,2,2-stop
13,60,87.036,Medium,0.23999999999999996,2,2-stop
13,61,87.039,Medium,0.25999999999999995,2,2-stop
13,62,87.042,Medium,0.27999999999999997,2,2-stop
13,63,87.045,Medium,0.3,2,2-stop
13,64,87.048,Medium,0.32,2,2-stop
13,65,87.051,Medium,0.34,2,2-stop
13,66,87.054,Medium,0.36000000000000004,2,2-stop
13,67,87.057,Medium,0.38000000000000006,2,2-stop
13,68,87.06,Medium,0.4000000000000001,2,2-stop
13,69,87.063,Medium,0.4200000000000001,2,2-stop
13,70,87.066,Medium,0.4400000000000001,2,2-stop
14,1,89.0015,Hard,0.01,0,1-stop
14,2,89.003,Hard,0.02,0,1-stop
14,3,89.0045,Hard,0.03,0,1-stop
14,4,89.006,Hard,0.04,0,1-stop
14,5,89.0075,Hard,0.05,0,1-stop
14,6,89.009,Hard,0.060000000000000005,0,1-stop
14,7,89.0105,Hard,0.07,0,1-stop
14,8,89.012,Hard,0.08,0,1-stop
14,9,89.0135,Hard,0.09,0,1-stop
14,10,89.015,Hard,0.09999999999999999,0,1-stop
14,11,89.0165,Hard,0.10999999999999999,0,1-stop
14,12,89.018,Hard,0.11999999999999998,0,1-stop
14,13,89.0195,Hard,0.12999999999999998,0,1-stop
14,14,89.021,Hard,0.13999999999999999,0,1-stop
14,15,89.0225,Hard,0.15,0,1-stop
14,16,89.024,Hard,0.16,0,1-stop
14,17,89.0255,Hard,0.17,0,1-stop
14,18,89.027,Hard,0.18000000000000002,0,1-stop
14,19,89.0285,Hard,0.19000000000000003,0,1-stop
14,20,89.03,Hard,0.20000000000000004,0,1-stop
14,21,89.0315,Hard,0.21000000000000005,0,1-stop
14,22,89.033,Hard,0.22000000000000006,0,1-stop
14,23,89.0345,Hard,0.23000000000000007,0,1-stop
14,24,89.036,Hard,0.24000000000000007,0,1-stop
14,25,89.0375,Hard,0.25000000000000006,0,1-stop
14,26,89.039,Hard,0.26000000000000006,0,1-stop
14,27,89.0405,Hard,0.2700000000000001,0,1-stop
14,28,89.042,Hard,0.2800000000000001,0,1-stop
14,29,89.0435,Hard,0.2900000000000001,0,1-stop
14,30,89.045,Hard,0.3000000000000001,0,1-stop
14,31,89.0465,Hard,0.3100000000000001,0,1-stop
14,32,112.048,Hard,0.0,1,1-stop
14,33,89.0015,Hard,0.01,1,1-stop
14,34,89.003,Hard,0.02,1,1-stop
14,35,89.0045,Hard,0.03,1,1-stop
14,36,89.006,Hard,0.04,1,1-stop
14,37,89.0075,Hard,0.05,1,1-stop
14,38,89.009,Hard,0.060000000000000005,1,1-stop
14,39,89.0105,Hard,0.07,1,1-stop
14,40,89.012,Hard,0.08,1,1-stop
14,41,89.0135,Hard,0.09,1,1-stop
14,42,89.015,Hard,0.09999999999999999,1,1-stop
14,43,89.0165,Hard,0.10999999999999999,1,1-stop
14,44,89.018,Hard,0.11999999999999998,1,1-stop
14,45,89.0195,Hard,0.12999999999999998,1,1-stop
14,46,89.021,Hard,0.13999999999999999,1,1-stop
14,47,89.0225,Hard,0.15,1,1-stop
14,48,89.024,Hard,0.16,1,1-stop
14,49,89.0255,Hard,0.17,1,1-stop
14,50,89.027,Hard,0.18000000000000002,1,1-stop
14,51,89.0285,Hard,0.19000000000000003,1,1-stop
14,52,89.03,Hard,0.20000000000000004,1,1-stop
14,53,89.0315,Hard,0.21000000000000005,1,1-stop
14,54,89.033,Hard,0.22000000000000006,1,1-stop
14,55,89.0345,Hard,0.23000000000000007,1,1-stop
14,56,89.036,Hard,0.24000000000000007,1,1-stop
14,57,89.0375,Hard,0.25000000000000006,1,1-stop
14,58,89.039,Hard,0.26000000000000006,1,1-stop
14,59,89.0405,Hard,0.2700000000000001,1,1-stop
14,60,89.042,Hard,0.2800000000000001,1,1-stop
14,61,89.0435,Hard,0.2900000000000001,1,1-stop
14,62,89.045,Hard,0.3000000000000001,1,1-stop
14,63,89.0465,Hard,0.3100000000000001,1,1-stop
14,64,89.048,Hard,0.3200000000000001,1,1-stop
14,65,89.0495,Hard,0.3300000000000001,1,1-stop
14,66,89.051,Hard,0.34000000000000014,1,1-stop
14,67,89.0525,Hard,0.35000000000000014,1,1-stop
14,68,89.054,Hard,0.36000000000000015,1,1-stop
14,69,89.0555,Hard,0.37000000000000016,1,1-stop
14,70,89.057,Hard,0.38000000000000017,1,1-stop
15,1,87.003,Medium,0.02,0,2-stop
15,2,87.006,Medium,0.04,0,2-stop
15,3,87.009,Medium,0.06,0,2-stop
15,4,87.012,Medium,0.08,0,2-stop
15,5,87.015,Medium,0.1,0,2-stop
15,6,87.018,Medium,0.12000000000000001,0,2-stop
15,7,87.021,Medium,0.14,0,2-stop
15,8,87.024,Medium,0.16,0,2-stop
15,9,87.027,Medium,0.18,0,2-stop
15,10,87.03,Medium,0.19999999999999998,0,2-stop
15,11,87.033,Medium,0.21999999999999997,0,2-stop
15,12,87.036,Medium,0.23999999999999996,0,2-stop
15,13,87.039,Medium,0.25999999999999995,0,2-stop
15,14,87.042,Medium,0.27999999999999997,0,2-stop
15,15,87.045,Medium,0.3,0,2-stop
15,16,87.048,Medium,0.32,0,2-stop
15,17,87.051,Medium,0.34,0,2-stop
15,18,87.054,Medium,0.36000000000000004,0,2-stop
15,19,87.057,Medium,0.38000000000000006,0,2-stop
15,20,87.06,Medium,0.4000000000000001,0,2-stop
15,21,87.063,Medium,0.4200000000000001,0,2-stop
15,22,87.066,Medium,0.4400000000000001,0,2-stop
15,23,87.069,Medium,0.46000000000000013,0,2-stop
15,24,87.072,Medium,0.48000000000000015,0,2-stop
15,25,87.075,Medium,0.5000000000000001,0,2-stop
15,26,87.078,Medium,0.5200000000000001,0,2-stop
15,27,87.081,Medium,0.5400000000000001,0,2-stop
15,28,87.084,Medium,0.5600000000000002,0,2-stop
15,29,87.087,Medium,0.5800000000000002,0,2-stop
15,30,87.09,Medium,0.6000000000000002,0,2-stop
15,31,87.093,Medium,0.6200000000000002,0,2-stop
15,32,87.096,Medium,0.6400000000000002,0,2-stop
15,33,87.099,Medium,0.6600000000000003,0,2-stop
15,34,87.102,Medium,0.6800000000000003,0,2-stop
15,35,87.105,Medium,0.7000000000000003,0,2-stop
15,36,87.108,Medium,0.7200000000000003,0,2-stop
15,37,87.111,Medium,0.7400000000000003,0,2-stop
15,38,110.114,Hard,0.0,1,2-stop
15,39,89.0015,Hard,0.01,1,2-stop
15,40,112.003,Medium,0.0,2,2-stop
15,41,87.003,Medium,0.02,2,2-stop
15,42,87.006,Medium,0.04,2,2-stop
15,43,87.009,Medium,0.06,2,2-stop
15,44,87.012,Medium,0.08,2,2-stop
15,45,87.015,Medium,0.1,2,2-stop
15,46,87.018,Medium,0.12000000000000001,2,2-stop
15,47,87.021,Medium,0.14,2,2-stop
15,48,87.024,Medium,0.16,2,2-stop
15,49,87.027,Medium,0.18,2,2-stop
15,50,87.03,Medium,0.19999999999999998,2,2-stop
15,51,87.033,Medium,0.21999999999999997,2,2-stop
15,52,87.036,Medium,0.23999999999999996,2,2-stop
15,53,87.039,Medium,0.25999999999999995,2,2-stop
15,54,87.042,Medium,0.27999999999999997,2,2-stop
15,55,87.045,Medium,0.3,2,2-stop
15,56,87.048,Medium,0.32,2,2-stop
15,57,87.051,Medium,0.34,2,2-stop
15,58,87.054,Medium,0.36000000000000004,2,2-stop
15,59,87.057,Medium,0.38000000000000006,2,2-stop
15,60,87.06,Medium,0.4000000000000001,2,2-stop
15,61,87.063,Medium,0.4200000000000001,2,2-stop
15,62,87.066,Medium,0.4400000000000001,2,2-stop
15,63,87.069,Medium,0.46000000000000013,2,2-stop
15,64,87.072,Medium,0.48000000000000015,2,2-stop
15,65,87.075,Medium,0.5000000000000001,2,2-stop
15,66,87.078,Medium,0.5200000000000001,2,2-stop
15,67,87.081,Medium,0.5400000000000001,2,2-stop
15,68,87.084,Medium,0.5600000000000002,2,2-stop
15,69,87.087,Medium,0.5800000000000002,2,2-stop
15,70,87.09,Medium,0.6000000000000002,2,2-stop
16,1,85.0045,Soft,0.03,0,1-stop
16,2,85.009,Soft,0.06,0,1-stop
16,3,85.0135,Soft,0.09,0,1-stop
16,4,85.018,Soft,0.12,0,1-stop
16,5,85.0225,Soft,0.15,0,1-stop
16,6,85.027,Soft,0.18,0,1-stop
16,7,85.0315,Soft,0.21,0,1-stop
16,8,85.036,Soft,0.24,0,1-stop
16,9,85.0405,Soft,0.27,0,1-stop
16,10,85.045,Soft,0.30000000000000004,0,1-stop
16,11,85.0495,Soft,0.33000000000000007,0,1-stop
16,12,85.054,Soft,0.3600000000000001,0,1-stop
16,13,85.0585,Soft,0.3900000000000001,0,1-stop
16,14,85.063,Soft,0.42000000000000015,0,1-stop
16,15,85.0675,Soft,0.4500000000000002,0,1-stop
16,16,85.072,Soft,0.4800000000000002,0,1-stop
16,17,85.0765,Soft,0.5100000000000002,0,1-stop
16,18,85.081,Soft,0.5400000000000003,0,1-stop
16,19,85.0855,Soft,0.5700000000000003,0,1-stop
16,20,85.09,Soft,0.6000000000000003,0,1-stop
16,21,85.0945,Soft,0.6300000000000003,0,1-stop
16,22,85.099,Soft,0.6600000000000004,0,1-stop
16,23,85.1035,Soft,0.6900000000000004,0,1-stop
16,24,85.108,Soft,0.7200000000000004,0,1-stop
16,25,85.1125,Soft,0.7500000000000004,0,1-stop
16,26,85.117,Soft,0.7800000000000005,0,1-stop
16,27,85.1215,Soft,0.8100000000000005,0,1-stop
16,28,85.126,Soft,0.8400000000000005,0,1-stop
16,29,85.1305,Soft,0.8700000000000006,0,1-stop
16,30,85.135,Soft,0.9000000000000006,0,1-stop
16,31,85.1395,Soft,0.9300000000000006,0,1-stop
16,32,85.144,Soft,0.9600000000000006,0,1-stop
16,33,85.1485,Soft,0.9900000000000007,0,1-stop
16,34,85.153,Soft,1.0200000000000007,0,1-stop
16,35,85.1575,Soft,1.0500000000000007,0,1-stop
16,36,85.162,Soft,1.0800000000000007,0,1-stop
16,37,108.1665,Medium,0.0,1,1-stop
16,38,87.003,Medium,0.02,1,1-stop
16,39,87.006,Medium,0.04,1,1-stop
16,40,87.009,Medium,0.06,1,1-stop
16,41,87.012,Medium,0.08,1,1-stop
16,42,87.015,Medium,0.1,1,1-stop
16,43,87.018,Medium,0.12000000000000001,1,1-stop
16,44,87.021,Medium,0.14,1,1-stop
16,45,87.024,Medium,0.16,1,1-stop
16,46,87.027,Medium,0.18,1,1-stop
16,47,87.03,Medium,0.19999999999999998,1,1-stop
16,48,87.033,Medium,0.21999999999999997,1,1-stop
16,49,87.036,Medium,0.23999999999999996,1,1-stop
16,50,87.039,Medium,0.25999999999999995,1,1-stop
16,51,87.042,Medium,0.27999999999999997,1,1-stop
16,52,87.045,Medium,0.3,1,1-stop
16,53,87.048,Medium,0.32,1,1-stop
16,54,87.051,Medium,0.34,1,1-stop
16,55,87.054,Medium,0.36000000000000004,1,1-stop
16,56,87.057,Medium,0.38000000000000006,1,1-stop
16,57,87.06,Medium,0.4000000000000001,1,1-stop
16,58,87.063,Medium,0.4200000000000001,1,1-stop
16,59,87.066,Medium,0.4400000000000001,1,1-stop
16,60,87.069,Medium,0.46000000000000013,1,1-stop
16,61,87.072,Medium,0.48000000000000015,1,1-stop
16,62,87.075,Medium,0.5000000000000001,1,1-stop
16,63,87.078,Medium,0.5200000000000001,1,1-stop
16,64,87.081,Medium,0.5400000000000001,1,1-stop
16,65,87.084,Medium,0.5600000000000002,1,1-stop
16,66,87.087,Medium,0.5800000000000002,1,1-stop
16,67,87.09,Medium,0.6000000000000002,1,1-stop
16,68,87.093,Medium,0.6200000000000002,1,1-stop
16,69,87.096,Medium,0.6400000000000002,1,1-stop
16,70,87.099,Medium,0.6600000000000003,1,1-stop
17,1,89.0015,Hard,0.01,0,2-stop
17,2,89.003,Hard,0.02,0,2-stop
17,3,89.0045,Hard,0.03,0,2-stop
17,4,89.006,Hard,0.04,0,2-stop
17,5,89.0075,Hard,0.05,0,2-stop
17,6,89.009,Hard,0.060000000000000005,0,2-stop
17,7,89.0105,Hard,0.07,0,2-stop
17,8,89.012,Hard,0.08,0,2-stop
17,9,89.0135,Hard,0.09,0,2-stop
17,10,89.015,Hard,0.09999999999999999,0,2-stop
17,11,89.0165,Hard,0.10999999999999999,0,2-stop
17,12,89.018,Hard,0.11999999999999998,0,2-stop
17,13,89.0195,Hard,0.12999999999999998,0,2-stop
17,14,89.021,Hard,0.13999999999999999,0,2-stop
17,15,89.0225,Hard,0.15,0,2-stop
17,16,89.024,Hard,0.16,0,2-stop
17,17,89.0255,Hard,0.17,0,2-stop
17,18,89.027,Hard,0.18000000000000002,0,2-stop
17,19,89.0285,Hard,0.19000000000000003,0,2-stop
17,20,89.03,Hard,0.20000000000000004,0,2-stop
17,21,89.0315,Hard,0.21000000000000005,0,2-stop
17,22,112.033,Medium,0.0,1,2-stop
17,23,87.003,Medium,0.02,1,2-stop
17,24,87.006,Medium,0.04,1,2-stop
17,25,87.009,Medium,0.06,1,2-stop
17,26,87.012,Medium,0.08,1,2-stop
17,27,87.015,Medium,0.1,1,2-stop
17,28,87.018,Medium,0.12000000000000001,1,2-stop
17,29,87.021,Medium,0.14,1,2-stop
17,30,87.024,Medium,0.16,1,2-stop
17,31,87.027,Medium,0.18,1,2-stop
17,32,87.03,Medium,0.19999999999999998,1,2-stop
17,33,87.033,Medium,0.21999999999999997,1,2-stop
17,34,87.036,Medium,0.23999999999999996,1,2-stop
17,35,87.039,Medium,0.25999999999999995,1,2-stop
17,36,87.042,Medium,0.27999999999999997,1,2-stop
17,37,87.045,Medium,0.3,1,2-stop
17,38,110.048,Medium,0.0,2,2-stop
17,39,87.003,Medium,0.02,2,2-stop
17,40,87.006,Medium,0.04,2,2-stop
17,41,87.009,Medium,0.06,2,2-stop
17,42,87.012,Medium,0.08,2,2-stop
17,43,87.015,Medium,0.1,2,2-stop
17,44,87.018,Medium,0.12000000000000001,2,2-stop
17,45,87.021,Medium,0.14,2,2-stop
17,46,87.024,Medium,0.16,2,2-stop
17,47,87.027,Medium,0.18,2,2-stop
17,48,87.03,Medium,0.19999999999999998,2,2-stop
17,49,87.033,Medium,0.21999999999999997,2,2-stop
17,50,87.036,Medium,0.23999999999999996,2,2-stop
17,51,87.039,Medium,0.25999999999999995,2,2-stop
17,52,87.042,Medium,0.27999999999999997,2,2-stop
17,53,87.045,Medium,0.3,2,2-stop
17,54,87.048,Medium,0.32,2,2-stop
17,55,87.051,Medium,0.34,2,2-stop
17,56,87.054,Medium,0.36000000000000004,2,2-stop
17,57,87.057,Medium,0.38000000000000006,2,2-stop
17,58,87.06,Medium,0.4000000000000001,2,2-stop
17,59,87.063,Medium,0.4200000000000001,2,2-stop
17,60,87.066,Medium,0.4400000000000001,2,2-stop
17,61,87.069,Medium,0.46000000000000013,2,2-stop
17,62,87.072,Medium,0.48000000000000015,2,2-stop
17,63,87.075,Medium,0.5000000000000001,2,2-stop
17,64,87.078,Medium,0.5200000000000001,2,2-stop
17,65,87.081,Medium,0.5400000000000001,2,2-stop
17,66,87.084,Medium,0.5600000000000002,2,2-stop
17,67,87.087,Medium,0.5800000000000002,2,2-stop
17,68,87.09,Medium,0.6000000000000002,2,2-stop
17,69,87.093,Medium,0.6200000000000002,2,2-stop
17,70,87.096,Medium,0.6400000000000002,2,2-stop
18,1,87.003,Medium,0.02,0,2-stop
18,2,87.006,Medium,0.04,0,2-stop
18,3,87.009,Medium,0.06,0,2-stop
18,4,87.012,Medium,0.08,0,2-stop
18,5,87.015,Medium,0.1,0,2-stop
18,6,87.018,Medium,0.12000000000000001,0,2-stop
18,7,87.021,Medium,0.14,0,2-stop
18,8,87.024,Medium,0.16,0,2-stop
18,9,87.027,Medium,0.18,0,2-stop
18,10,87.03,Medium,0.19999999999999998,0,2-stop
18,11,87.033,Medium,0.21999999999999997,0,2-stop
18,12,87.036,Medium,0.23999999999999996,0,2-stop
18,13,87.039,Medium,0.25999999999999995,0,2-stop
18,14,87.042,Medium,0.27999999999999997,0,2-stop
18,15,87.045,Medium,0.3,0,2-stop
18,16,87.048,Medium,0.32,0,2-stop
18,17,87.051,Medium,0.34,0,2-stop
18,18,87.054,Medium,0.36000000000000004,0,2-stop
18,19,110.057,Medium,0.0,1,2-stop
18,20,87.003,Medium,0.02,1,2-stop
18,21,87.006,Medium,0.04,1,2-stop
18,22,87.009,Medium,0.06,1,2-stop
18,23,87.012,Medium,0.08,1,2-stop
18,24,87.015,Medium,0.1,1,2-stop
18,25,87.018,Medium,0.12000000000000001,1,2-stop
18,26,87.021,Medium,0.14,1,2-stop
18,27,87.024,Medium,0.16,1,2-stop
18,28,87.027,Medium,0.18,1,2-stop
18,29,87.03,Medium,0.19999999999999998,1,2-stop
18,30,87.033,Medium,0.21999999999999997,1,2-stop
18,31,87.036,Medium,0.23999999999999996,1,2-stop
18,32,87.039,Medium,0.25999999999999995,1,2-stop
18,33,87.042,Medium,0.27999999999999997,1,2-stop
18,34,87.045,Medium,0.3,1,2-stop
18,35,87.048,Medium,0.32,1,2-stop
18,36,87.051,Medium,0.34,1,2-stop
18,37,87.054,Medium,0.36000000000000004,1,2-stop
18,38,87.057,Medium,0.38000000000000006,1,2-stop
18,39,87.06,Medium,0.4000000000000001,1,2-stop
18,40,87.063,Medium,0.4200000000000001,1,2-stop
18,41,87.066,Medium,0.4400000000000001,1,2-stop
18,42,87.069,Medium,0.46000000000000013,1,2-stop
18,43,87.072,Medium,0.48000000000000015,1,2-stop
18,44,87.075,Medium,0.5000000000000001,1,2-stop
18,45,87.078,Medium,0.5200000000000001,1,2-stop
18,46,87.081,Medium,0.5400000000000001,1,2-stop
18,47,87.084,Medium,0.5600000000000002,1,2-stop
18,48,87.087,Medium,0.5800000000000002,1,2-stop
18,49,87.09,Medium,0.6000000000000002,1,2-stop
18,50,87.093,Medium,0.6200000000000002,1,2-stop
18,51,87.096,Medium,0.6400000000000002,1,2-stop
18,52,87.099,Medium,0.6600000000000003,1,2-stop
18,53,110.102,Soft,0.0,2,2-stop
18,54,85.0045,Soft,0.03,2,2-stop
18,55,85.009,Soft,0.06,2,2-stop
18,56,85.0135,Soft,0.09,2,2-stop
18,57,85.018,Soft,0.12,2,2-stop
18,58,85.0225,Soft,0.15,2,2-stop
18,59,85.027,Soft,0.18,2,2-stop
18,60,85.0315,Soft,0.21,2,2-stop
18,61,85.036,Soft,0.24,2,2-stop
18,62,85.0405,Soft,0.27,2,2-stop
18,63,85.045,Soft,0.30000000000000004,2,2-stop
18,64,85.0495,Soft,0.33000000000000007,2,2-stop
18,65,85.054,Soft,0.3600000000000001,2,2-stop
18,66,85.0585,Soft,0.3900000000000001,2,2-stop
18,67,85.063,Soft,0.42000000000000015,2,2-stop
18,68,85.0675,Soft,0.4500000000000002,2,2-stop
18,69,85.072,Soft,0.4800000000000002,2,2-stop
18,70,85.0765,Soft,0.5100000000000002,2,2-stop
19,1,89.0015,Hard,0.01,0,2-stop
19,2,89.003,Hard,0.02,0,2-stop
19,3,89.0045,Hard,0.03,0,2-stop
19,4,89.006,Hard,0.04,0,2-stop
19,5,89.0075,Hard,0.05,0,2-stop
19,6,89.009,Hard,0.060000000000000005,0,2-stop
19,7,89.0105,Hard,0.07,0,2-stop
19,8,89.012,Hard,0.08,0,2-stop
19,9,89.0135,Hard,0.09,0,2-stop
19,10,89.015,Hard,0.09999999999999999,0,2-stop
19,11,89.0165,Hard,0.10999999999999999,0,2-stop
19,12,89.018,Hard,0.11999999999999998,0,2-stop
19,13,89.0195,Hard,0.12999999999999998,0,2-stop
19,14,89.021,Hard,0.13999999999999999,0,2-stop
19,15,89.0225,Hard,0.15,0,2-stop
19,16,89.024,Hard,0.16,0,2-stop
19,17,89.0255,Hard,0.17,0,2-stop
19,18,89.027,Hard,0.18000000000000002,0,2-stop
19,19,89.0285,Hard,0.19000000000000003,0,2-stop
19,20,89.03,Hard,0.20000000000000004,0,2-stop
19,21,89.0315,Hard,0.21000000000000005,0,2-stop
19,22,89.033,Hard,0.22000000000000006,0,2-stop
19,23,89.0345,Hard,0.23000000000000007,0,2-stop
19,24,89.036,Hard,0.24000000000000007,0,2-stop
19,25,89.0375,Hard,0.25000000000000006,0,2-stop
19,26,112.039,Medium,0.0,1,2-stop
19,27,87.003,Medium,0.02,1,2-stop
19,28,87.006,Medium,0.04,1,2-stop
19,29,87.009,Medium,0.06,1,2-stop
19,30,87.012,Medium,0.08,1,2-stop
19,31,87.015,Medium,0.1,1,2-stop
19,32,87.018,Medium,0.12000000000000001,1,2-stop
19,33,87.021,Medium,0.14,1,2-stop
19,34,87.024,Medium,0.16,1,2-stop
19,35,87.027,Medium,0.18,1,2-stop
19,36,87.03,Medium,0.19999999999999998,1,2-stop
19,37,87.033,Medium,0.21999999999999997,1,2-stop
19,38,87.036,Medium,0.23999999999999996,1,2-stop
19,39,87.039,Medium,0.25999999999999995,1,2-stop
19,40,87.042,Medium,0.27999999999999997,1,2-stop
19,41,87.045,Medium,0.3,1,2-stop
19,42,87.048,Medium,0.32,1,2-stop
19,43,87.051,Medium,0.34,1,2-stop
19,44,87.054,Medium,0.36000000000000004,1,2-stop
19,45,87.057,Medium,0.38000000000000006,1,2-stop
19,46,87.06,Medium,0.4000000000000001,1,2-stop
19,47,87.063,Medium,0.4200000000000001,1,2-stop
19,48,110.066,Medium,0.0,2,2-stop
19,49,87.003,Medium,0.02,2,2-stop
19,50,87.006,Medium,0.04,2,2-stop
19,51,87.009,Medium,0.06,2,2-stop
19,52,87.012,Medium,0.08,2,2-stop
19,53,87.015,Medium,0.1,2,2-stop
19,54,87.018,Medium,0.12000000000000001,2,2-stop
19,55,87.021,Medium,0.14,2,2-stop
19,56,87.024,Medium,0.16,2,2-stop
19,57,87.027,Medium,0.18,2,2-stop
19,58,87.03,Medium,0.19999999999999998,2,2-stop
19,59,87.033,Medium,0.21999999999999997,2,2-stop
19,60,87.036,Medium,0.23999999999999996,2,2-stop
19,61,87.039,Medium,0.25999999999999995,2,2-stop
19,62,87.042,Medium,0.27999999999999997,2,2-stop
19,63,87.045,Medium,0.3,2,2-stop
19,64,87.048,Medium,0.32,2,2-stop
19,65,87.051,Medium,0.34,2,2-stop
19,66,87.054,Medium,0.36000000000000004,2,2-stop
19,67,87.057,Medium,0.38000000000000006,2,2-stop
19,68,87.06,Medium,0.4000000000000001,2,2-stop
19,69,87.063,Medium,0.4200000000000001,2,2-stop
19,70,87.066,Medium,0.4400000000000001,2,2-stop
20,1,87.003,Medium,0.02,0,2-stop
20,2,87.006,Medium,0.04,0,2-stop
20,3,87.009,Medium,0.06,0,2-stop
20,4,87.012,Medium,0.08,0,2-stop
20,5,87.015,Medium,0.1,0,2-stop
20,6,87.018,Medium,0.12000000000000001,0,2-stop
20,7,87.021,Medium,0.14,0,2-stop
20,8,87.024,Medium,0.16,0,2-stop
20,9,87.027,Medium,0.18,0,2-stop
20,10,87.03,Medium,0.19999999999999998,0,2-stop
20,11,87.033,Medium,0.21999999999999997,0,2-stop
20,12,87.036,Medium,0.23999999999999996,0,2-stop
20,13,87.039,Medium,0.25999999999999995,0,2-stop
20,14,87.042,Medium,0.27999999999999997,0,2-stop
20,15,87.045,Medium,0.3,0,2-stop
20,16,87.048,Medium,0.32,0,2-stop
20,17,87.051,Medium,0.34,0,2-stop
20,18,87.054,Medium,0.36000000000000004,0,2-stop
20,19,87.057,Medium,0.38000000000000006,0,2-stop
20,20,87.06,Medium,0.4000000000000001,0,2-stop
20,21,87.063,Medium,0.4200000000000001,0,2-stop
20,22,87.066,Medium,0.4400000000000001,0,2-stop
20,23,87.069,Medium,0.46000000000000013,0,2-stop
20,24,87.072,Medium,0.48000000000000015,0,2-stop
20,25,87.075,Medium,0.5000000000000001,0,2-stop
20,26,87.078,Medium,0.5200000000000001,0,2-stop
20,27,87.081,Medium,0.5400000000000001,0,2-stop
20,28,87.084,Medium,0.5600000000000002,0,2-stop
20,29,87.087,Medium,0.5800000000000002,0,2-stop
20,30,87.09,Medium,0.6000000000000002,0,2-stop
20,31,87.093,Medium,0.6200000000000002,0,2-stop
20,32,87.096,Medium,0.6400000000000002,0,2-stop
20,33,87.099,Medium,0.6600000000000003,0,2-stop
20,34,87.102,Medium,0.6800000000000003,0,2-stop
20,35,87.105,Medium,0.7000000000000003,0,2-stop
20,36,110.108,Hard,0.0,1,2-stop
20,37,89.0015,Hard,0.01,1,2-stop
20,38,89.003,Hard,0.02,1,2-stop
20,39,89.0045,Hard,0.03,1,2-stop
20,40,89.006,Hard,0.04,1,2-stop
20,41,89.0075,Hard,0.05,1,2-stop
20,42,89.009,Hard,0.060000000000000005,1,2-stop
20,43,89.0105,Hard,0.07,1,2-stop
20,44,89.012,Hard,0.08,1,2-stop
20,45,89.0135,Hard,0.09,1,2-stop
20,46,89.015,Hard,0.09999999999999999,1,2-stop
20,47,89.0165,Hard,0.10999999999999999,1,2-stop
20,48,89.018,Hard,0.11999999999999998,1,2-stop
20,49,89.0195,Hard,0.12999999999999998,1,2-stop
20,50,89.021,Hard,0.13999999999999999,1,2-stop
20,51,89.0225,Hard,0.15,1,2-stop
20,52,89.024,Hard,0.16,1,2-stop
20,53,89.0255,Hard,0.17,1,2-stop
20,54,112.027,Soft,0.0,2,2-stop
20,55,85.0045,Soft,0.03,2,2-stop
20,56,85.009,Soft,0.06,2,2-stop
20,57,85.0135,Soft,0.09,2,2-stop
20,58,85.018,Soft,0.12,2,2-stop
20,59,85.0225,Soft,0.15,2,2-stop
20,60,85.027,Soft,0.18,2,2-stop
20,61,85.0315,Soft,0.21,2,2-stop
20,62,85.036,Soft,0.24,2,2-stop
20,63,85.0405,Soft,0.27,2,2-stop
20,64,85.045,Soft,0.30000000000000004,2,2-stop
20,65,85.0495,Soft,0.33000000000000007,2,2-stop
20,66,85.054,Soft,0.3600000000000001,2,2-stop
20,67,85.0585,Soft,0.3900000000000001,2,2-stop
20,68,85.063,Soft,0.42000000000000015,2,2-stop
20,69,85.0675,Soft,0.4500000000000002,2,2-stop
20,70,85.072,Soft,0.4800000000000002,2,2-stop
